<?xml version="1.0" encoding="UTF-8" ?>
<Products>
	<Product>
		<name>Care One Hemorrhoidal</name>
		<price>932.18</price>
		<sellerId>25</sellerId>
		<buyerId>24</buyerId>
	</Product>
	<Product>
		<name>SNORING HP</name>
		<price>53.59</price>
		<sellerId>24</sellerId>
		<buyerId>30</buyerId>
	</Product>
	<Product>
		<name>ROPINIROLE HYDROCHLORIDE</name>
		<price>266.44</price>
		<sellerId>33</sellerId>
		<buyerId>16</buyerId>
	</Product>
	<Product>
		<name>kirkland signature minoxidil</name>
		<price>49.17</price>
		<sellerId>38</sellerId>
		<buyerId>39</buyerId>
	</Product>
	<Product>
		<name>Agaricus Equisetum Special Order</name>
		<price>585.93</price>
		<sellerId>22</sellerId>
		<buyerId>27</buyerId>
	</Product>
	<Product>
		<name>Lamotrigine Extended Release</name>
		<price>245.63</price>
		<sellerId>39</sellerId>
		<buyerId>38</buyerId>
	</Product>
	<Product>
		<name>CLARINS Ever Matte SPF 15 - 105 Nude</name>
		<price>696.06</price>
		<sellerId>39</sellerId>
		<buyerId>56</buyerId>
	</Product>
	<Product>
		<name>Childrens Allegra Allergy</name>
		<price>650.97</price>
		<sellerId>15</sellerId>
		<buyerId>36</buyerId>
	</Product>
	<Product>
		<name>PredniSONE</name>
		<price>286.43</price>
		<sellerId>31</sellerId>
		<buyerId>32</buyerId>
	</Product>
	<Product>
		<name>Spironolactone</name>
		<price>933.69</price>
		<sellerId>44</sellerId>
	</Product>
	<Product>
		<name>U-max Multi BB</name>
		<price>137.16</price>
		<sellerId>20</sellerId>
		<buyerId>35</buyerId>
	</Product>
	<Product>
		<name>Phenylephrine HCl</name>
		<price>459.89</price>
		<sellerId>24</sellerId>
		<buyerId>53</buyerId>
	</Product>
	<Product>
		<name>Finasteride</name>
		<price>1374.01</price>
		<sellerId>16</sellerId>
		<buyerId>55</buyerId>
	</Product>
	<Product>
		<name>Clarins Paris Skin Illusion - 114 cappuccino</name>
		<price>811.42</price>
		<sellerId>28</sellerId>
		<buyerId>12</buyerId>
	</Product>
	<Product>
		<name>Enalapril Maleate</name>
		<price>72.71</price>
		<sellerId>53</sellerId>
		<buyerId>24</buyerId>
	</Product>
	<Product>
		<name>MEDICATED DANDRUFF</name>
		<price>1351.02</price>
		<sellerId>29</sellerId>
		<buyerId>42</buyerId>
	</Product>
	<Product>
		<name>Pleo Lat</name>
		<price>720.08</price>
		<sellerId>7</sellerId>
		<buyerId>50</buyerId>
	</Product>
	<Product>
		<name>Myristica Argentum Sinus Relief</name>
		<price>904.52</price>
		<sellerId>30</sellerId>
		<buyerId>47</buyerId>
	</Product>
	<Product>
		<name>Glyburide</name>
		<price>95.1</price>
		<sellerId>16</sellerId>
		<buyerId>18</buyerId>
	</Product>
	<Product>
		<name>Burn Jel</name>
		<price>209.57</price>
		<sellerId>34</sellerId>
	</Product>
	<Product>
		<name>CHAMOMILLA</name>
		<price>37.97</price>
		<sellerId>5</sellerId>
		<buyerId>48</buyerId>
	</Product>
	<Product>
		<name>NEO-POLY-BAC HYDRO</name>
		<price>967.32</price>
		<sellerId>38</sellerId>
		<buyerId>48</buyerId>
	</Product>
	<Product>
		<name>Prednisone</name>
		<price>550.72</price>
		<sellerId>26</sellerId>
		<buyerId>44</buyerId>
	</Product>
	<Product>
		<name>Isosorbide Mononitrate</name>
		<price>789.91</price>
		<sellerId>25</sellerId>
		<buyerId>10</buyerId>
	</Product>
	<Product>
		<name>Glipizide and Metformin Hydrochloride</name>
		<price>953.6</price>
		<sellerId>50</sellerId>
		<buyerId>41</buyerId>
	</Product>
	<Product>
		<name>TERSI</name>
		<price>554.91</price>
		<sellerId>12</sellerId>
		<buyerId>1</buyerId>
	</Product>
	<Product>
		<name>SEPHORA Acne-Fighting Mattifying Moisturizer</name>
		<price>1019.28</price>
		<sellerId>6</sellerId>
		<buyerId>31</buyerId>
	</Product>
	<Product>
		<name>Smooth texture Orange flavor</name>
		<price>976.65</price>
		<sellerId>41</sellerId>
		<buyerId>12</buyerId>
	</Product>
	<Product>
		<name>DAYWEAR PLUS MULTI PROTECTION TINTED MOISTURIZER</name>
		<price>555.12</price>
		<sellerId>55</sellerId>
		<buyerId>19</buyerId>
	</Product>
	<Product>
		<name>Zonisamide</name>
		<price>1305.41</price>
		<sellerId>29</sellerId>
	</Product>
	<Product>
		<name>Peter Island Continous sunscreen kids</name>
		<price>471.3</price>
		<sellerId>27</sellerId>
		<buyerId>39</buyerId>
	</Product>
	<Product>
		<name>GOONG SECRET CALMING BATH</name>
		<price>742.47</price>
		<sellerId>16</sellerId>
		<buyerId>30</buyerId>
	</Product>
	<Product>
		<name>Clearskin</name>
		<price>968.59</price>
		<sellerId>11</sellerId>
		<buyerId>9</buyerId>
	</Product>
	<Product>
		<name>No7 Protect and Perfect Foundation Sunscreen Broad Spectrum SPF 15 Cool Ivory</name>
		<price>616.19</price>
		<sellerId>5</sellerId>
		<buyerId>55</buyerId>
	</Product>
	<Product>
		<name>Alcohol Free Antiseptic</name>
		<price>1486.07</price>
		<sellerId>39</sellerId>
		<buyerId>26</buyerId>
	</Product>
	<Product>
		<name>smart sense nighttime cold and flu relief</name>
		<price>1101.77</price>
		<sellerId>9</sellerId>
		<buyerId>13</buyerId>
	</Product>
	<Product>
		<name>Warfarin Sodium</name>
		<price>1379.79</price>
		<sellerId>39</sellerId>
		<buyerId>17</buyerId>
	</Product>
	<Product>
		<name>Oxygen</name>
		<price>1242.92</price>
		<sellerId>13</sellerId>
		<buyerId>14</buyerId>
	</Product>
	<Product>
		<name>Amlodipine Besylate</name>
		<price>122.57</price>
		<sellerId>15</sellerId>
		<buyerId>4</buyerId>
	</Product>
	<Product>
		<name>CVS Therapeutic Menthol Pain Reliever</name>
		<price>1033.42</price>
		<sellerId>4</sellerId>
	</Product>
	<Product>
		<name>Warfarin Sodium</name>
		<price>770.05</price>
		<sellerId>24</sellerId>
		<buyerId>29</buyerId>
	</Product>
	<Product>
		<name>Gilotrif</name>
		<price>1454.77</price>
		<sellerId>15</sellerId>
		<buyerId>47</buyerId>
	</Product>
	<Product>
		<name>Shopko Lip Treatment</name>
		<price>861.42</price>
		<sellerId>29</sellerId>
		<buyerId>40</buyerId>
	</Product>
	<Product>
		<name>Albuterol</name>
		<price>108.95</price>
		<sellerId>47</sellerId>
		<buyerId>45</buyerId>
	</Product>
	<Product>
		<name>Eszopiclone</name>
		<price>405.03</price>
		<sellerId>3</sellerId>
		<buyerId>56</buyerId>
	</Product>
	<Product>
		<name>EMEND</name>
		<price>1365.51</price>
		<sellerId>16</sellerId>
		<buyerId>36</buyerId>
	</Product>
	<Product>
		<name>Etomidate</name>
		<price>393.94</price>
		<sellerId>6</sellerId>
		<buyerId>40</buyerId>
	</Product>
	<Product>
		<name>Megestrol Acetate</name>
		<price>976.15</price>
		<sellerId>50</sellerId>
		<buyerId>28</buyerId>
	</Product>
	<Product>
		<name>Head and Shoulders Conditioner</name>
		<price>1099.59</price>
		<sellerId>13</sellerId>
		<buyerId>36</buyerId>
	</Product>
	<Product>
		<name>ERYTHROMYCIN Base Filmtab</name>
		<price>117.84</price>
		<sellerId>39</sellerId>
	</Product>
	<Product>
		<name>Flumazenil</name>
		<price>1151.37</price>
		<sellerId>22</sellerId>
		<buyerId>27</buyerId>
	</Product>
	<Product>
		<name>LANEIGE MYSTIC VEIL FOUNDATION</name>
		<price>20.86</price>
		<sellerId>43</sellerId>
		<buyerId>28</buyerId>
	</Product>
	<Product>
		<name>EPZICOM</name>
		<price>895.65</price>
		<sellerId>34</sellerId>
		<buyerId>35</buyerId>
	</Product>
	<Product>
		<name>Almond</name>
		<price>367.32</price>
		<sellerId>33</sellerId>
		<buyerId>9</buyerId>
	</Product>
	<Product>
		<name>Etoposide</name>
		<price>1483.96</price>
		<sellerId>41</sellerId>
		<buyerId>27</buyerId>
	</Product>
	<Product>
		<name>ESIKA 3-IN-1 PRO MAKE UP FOUNDATION SPF 20 BASE DE MAQUILLAJE PARA ROSTRO 3-EN-1 PRO FPS 20</name>
		<price>1097.6</price>
		<sellerId>46</sellerId>
		<buyerId>10</buyerId>
	</Product>
	<Product>
		<name>Levothyroxine Sodium</name>
		<price>885.86</price>
		<sellerId>48</sellerId>
		<buyerId>15</buyerId>
	</Product>
	<Product>
		<name>Dawn Ultra Antibacterial Hand</name>
		<price>969.86</price>
		<sellerId>56</sellerId>
		<buyerId>51</buyerId>
	</Product>
	<Product>
		<name>cough and sore throat</name>
		<price>1482.68</price>
		<sellerId>9</sellerId>
		<buyerId>11</buyerId>
	</Product>
	<Product>
		<name>Moore Medical Sinus Pain and Pressure Relief</name>
		<price>855.39</price>
		<sellerId>43</sellerId>
	</Product>
	<Product>
		<name>Glipizide</name>
		<price>621.78</price>
		<sellerId>4</sellerId>
		<buyerId>1</buyerId>
	</Product>
	<Product>
		<name>Fosphenytoin Sodium</name>
		<price>1334.06</price>
		<sellerId>37</sellerId>
		<buyerId>25</buyerId>
	</Product>
	<Product>
		<name>ENALAPRIL MALEATE</name>
		<price>210.42</price>
		<sellerId>51</sellerId>
		<buyerId>14</buyerId>
	</Product>
	<Product>
		<name>LV-FX</name>
		<price>820.87</price>
		<sellerId>48</sellerId>
		<buyerId>40</buyerId>
	</Product>
	<Product>
		<name>Wintergreen Isopropyl Alcohol</name>
		<price>1397.57</price>
		<sellerId>8</sellerId>
		<buyerId>26</buyerId>
	</Product>
	<Product>
		<name>ORCHID SECRET PACT</name>
		<price>59.53</price>
		<sellerId>42</sellerId>
		<buyerId>19</buyerId>
	</Product>
	<Product>
		<name>Metaxalone</name>
		<price>79.94</price>
		<sellerId>6</sellerId>
		<buyerId>19</buyerId>
	</Product>
	<Product>
		<name>Allergena</name>
		<price>109.32</price>
		<sellerId>16</sellerId>
		<buyerId>38</buyerId>
	</Product>
	<Product>
		<name>XANTHIUM STRUMARIUM VAR CANADENSE POLLEN</name>
		<price>1091.38</price>
		<sellerId>54</sellerId>
		<buyerId>35</buyerId>
	</Product>
	<Product>
		<name>Ampicillin</name>
		<price>674.63</price>
		<sellerId>49</sellerId>
	</Product>
	<Product>
		<name>Buprenorphine hydrochloride and naloxone hydrochloride dihydrate</name>
		<price>293.33</price>
		<sellerId>45</sellerId>
		<buyerId>18</buyerId>
	</Product>
	<Product>
		<name>Acnezzol Base</name>
		<price>710.6</price>
		<sellerId>51</sellerId>
		<buyerId>46</buyerId>
	</Product>
	<Product>
		<name>AMARANTHUS PALMERI POLLEN</name>
		<price>623.16</price>
		<sellerId>28</sellerId>
		<buyerId>32</buyerId>
	</Product>
	<Product>
		<name>PANTOPRAZOLE SODIUM</name>
		<price>293.89</price>
		<sellerId>25</sellerId>
		<buyerId>40</buyerId>
	</Product>
	<Product>
		<name>Cold and Cough</name>
		<price>218.14</price>
		<sellerId>4</sellerId>
		<buyerId>43</buyerId>
	</Product>
	<Product>
		<name>Metformin Hydrochloride</name>
		<price>953.99</price>
		<sellerId>35</sellerId>
		<buyerId>12</buyerId>
	</Product>
	<Product>
		<name>LBEL Couleur Luxe Rouge Amplifier XP amplifying SPF 15</name>
		<price>1069.43</price>
		<sellerId>7</sellerId>
		<buyerId>6</buyerId>
	</Product>
	<Product>
		<name>Diastat</name>
		<price>614.14</price>
		<sellerId>32</sellerId>
		<buyerId>3</buyerId>
	</Product>
	<Product>
		<name>Topical 60 Sec Sodium Fluoride</name>
		<price>1228.84</price>
		<sellerId>17</sellerId>
		<buyerId>4</buyerId>
	</Product>
	<Product>
		<name>TRAMADOL HYDROCHLORIDE</name>
		<price>516.48</price>
		<sellerId>28</sellerId>
	</Product>
	<Product>
		<name>Fexofenadine HCl and Pseudoephedrine HCI</name>
		<price>73.07</price>
		<sellerId>42</sellerId>
		<buyerId>1</buyerId>
	</Product>
	<Product>
		<name>equaline</name>
		<price>520.45</price>
		<sellerId>26</sellerId>
		<buyerId>11</buyerId>
	</Product>
	<Product>
		<name>Leg Cramp Relief</name>
		<price>1345.69</price>
		<sellerId>46</sellerId>
		<buyerId>15</buyerId>
	</Product>
	<Product>
		<name>CD CAPTURE TOTALE Triple Correcting Serum Foundation Wrinkles-Dark Spots-Radiance with sunscreen Broad Spectrum SPF 25 010</name>
		<price>77.23</price>
		<sellerId>40</sellerId>
		<buyerId>4</buyerId>
	</Product>
	<Product>
		<name>PRIMAXIN</name>
		<price>686.66</price>
		<sellerId>9</sellerId>
		<buyerId>22</buyerId>
	</Product>
	<Product>
		<name>H-Rosacea Formula</name>
		<price>99.74</price>
		<sellerId>54</sellerId>
		<buyerId>49</buyerId>
	</Product>
	<Product>
		<name>Benazepril Hydrochloride and Hydrochlorothiazide</name>
		<price>1187.27</price>
		<sellerId>5</sellerId>
		<buyerId>22</buyerId>
	</Product>
	<Product>
		<name>Leflunomide</name>
		<price>312.85</price>
		<sellerId>53</sellerId>
		<buyerId>4</buyerId>
	</Product>
	<Product>
		<name>BareMinerals Golden Tan matte</name>
		<price>110.93</price>
		<sellerId>15</sellerId>
		<buyerId>46</buyerId>
	</Product>
	<Product>
		<name>CEDAX</name>
		<price>342.86</price>
		<sellerId>27</sellerId>
	</Product>
	<Product>
		<name>Topex</name>
		<price>1258.49</price>
		<sellerId>1</sellerId>
		<buyerId>10</buyerId>
	</Product>
	<Product>
		<name>DIVALPROEX SODIUM</name>
		<price>1287.03</price>
		<sellerId>7</sellerId>
		<buyerId>40</buyerId>
	</Product>
	<Product>
		<name>Acetic Acid</name>
		<price>1060.43</price>
		<sellerId>26</sellerId>
		<buyerId>35</buyerId>
	</Product>
	<Product>
		<name>MEDI-FIRST Non-Aspirin</name>
		<price>1301.28</price>
		<sellerId>53</sellerId>
		<buyerId>52</buyerId>
	</Product>
	<Product>
		<name>Lorazepam</name>
		<price>1134.96</price>
		<sellerId>47</sellerId>
		<buyerId>10</buyerId>
	</Product>
	<Product>
		<name>Alternaria alternata</name>
		<price>61.24</price>
		<sellerId>52</sellerId>
		<buyerId>35</buyerId>
	</Product>
	<Product>
		<name>Budpak Hemorrhoid Anesthetic</name>
		<price>1499.29</price>
		<sellerId>48</sellerId>
		<buyerId>56</buyerId>
	</Product>
	<Product>
		<name>Ringers</name>
		<price>1054.37</price>
		<sellerId>22</sellerId>
		<buyerId>30</buyerId>
	</Product>
	<Product>
		<name>Allopurinol</name>
		<price>518.5</price>
		<sellerId>33</sellerId>
		<buyerId>25</buyerId>
	</Product>
	<Product>
		<name>REYATAZ</name>
		<price>41.97</price>
		<sellerId>42</sellerId>
	</Product>
	<Product>
		<name>Carbon Dioxide Oxygen Mixture</name>
		<price>95.49</price>
		<sellerId>33</sellerId>
		<buyerId>6</buyerId>
	</Product>
	<Product>
		<name>IOPE RETIGEN MOISTURE TWIN CAKE NO.21</name>
		<price>1257.71</price>
		<sellerId>16</sellerId>
		<buyerId>23</buyerId>
	</Product>
	<Product>
		<name>MOIST MOISTURE SKIN TONER</name>
		<price>152.43</price>
		<sellerId>30</sellerId>
		<buyerId>28</buyerId>
	</Product>
	<Product>
		<name>Strattera</name>
		<price>658.54</price>
		<sellerId>49</sellerId>
		<buyerId>27</buyerId>
	</Product>
	<Product>
		<name>Aquafresh</name>
		<price>849.93</price>
		<sellerId>50</sellerId>
		<buyerId>13</buyerId>
	</Product>
	<Product>
		<name>Nighttime Sleep Aid</name>
		<price>1217.11</price>
		<sellerId>29</sellerId>
		<buyerId>12</buyerId>
	</Product>
	<Product>
		<name>Pollens - Weeds and Garden Plants, Nettle Urtica dioica</name>
		<price>782.77</price>
		<sellerId>19</sellerId>
		<buyerId>13</buyerId>
	</Product>
	<Product>
		<name>Perrigo Benzoyl Peroxide</name>
		<price>873.24</price>
		<sellerId>19</sellerId>
		<buyerId>17</buyerId>
	</Product>
	<Product>
		<name>ENBREL</name>
		<price>673.97</price>
		<sellerId>35</sellerId>
		<buyerId>26</buyerId>
	</Product>
	<Product>
		<name>Propranolol Hydrochloride</name>
		<price>546.95</price>
		<sellerId>27</sellerId>
	</Product>
	<Product>
		<name>Allopurinol</name>
		<price>48.8</price>
		<sellerId>3</sellerId>
		<buyerId>30</buyerId>
	</Product>
	<Product>
		<name>Trihexyphenidyl Hydrochloride</name>
		<price>64.88</price>
		<sellerId>54</sellerId>
		<buyerId>40</buyerId>
	</Product>
	<Product>
		<name>Archangelica Eucalyptus</name>
		<price>1334.91</price>
		<sellerId>12</sellerId>
		<buyerId>4</buyerId>
	</Product>
	<Product>
		<name>Effervescent Cold Relief</name>
		<price>1436.07</price>
		<sellerId>42</sellerId>
		<buyerId>46</buyerId>
	</Product>
	<Product>
		<name>Allopurinol</name>
		<price>336.81</price>
		<sellerId>41</sellerId>
		<buyerId>9</buyerId>
	</Product>
	<Product>
		<name>Parsley</name>
		<price>519.06</price>
		<sellerId>12</sellerId>
		<buyerId>32</buyerId>
	</Product>
	<Product>
		<name>Protonix</name>
		<price>466.7</price>
		<sellerId>45</sellerId>
		<buyerId>13</buyerId>
	</Product>
	<Product>
		<name>Pollens - Trees, Birch Mix</name>
		<price>1153.54</price>
		<sellerId>9</sellerId>
		<buyerId>36</buyerId>
	</Product>
	<Product>
		<name>ropinirole hydrochloride</name>
		<price>103.58</price>
		<sellerId>35</sellerId>
		<buyerId>25</buyerId>
	</Product>
	<Product>
		<name>olio activ mouthwash</name>
		<price>206.06</price>
		<sellerId>51</sellerId>
	</Product>
	<Product>
		<name>CARBIDOPA AND LEVODOPA</name>
		<price>441.64</price>
		<sellerId>27</sellerId>
		<buyerId>11</buyerId>
	</Product>
	<Product>
		<name>Pollens - Weeds and Garden Plants, Scotch Broom Cytisus scoparius</name>
		<price>135.82</price>
		<sellerId>43</sellerId>
		<buyerId>20</buyerId>
	</Product>
	<Product>
		<name>Azithromycin</name>
		<price>813.87</price>
		<sellerId>23</sellerId>
		<buyerId>25</buyerId>
	</Product>
	<Product>
		<name>Meloxicam</name>
		<price>809.18</price>
		<sellerId>1</sellerId>
		<buyerId>21</buyerId>
	</Product>
	<Product>
		<name>pain relief</name>
		<price>938.23</price>
		<sellerId>22</sellerId>
		<buyerId>46</buyerId>
	</Product>
	<Product>
		<name>GEMCITABINE</name>
		<price>1468.11</price>
		<sellerId>36</sellerId>
		<buyerId>48</buyerId>
	</Product>
	<Product>
		<name>Topiramate</name>
		<price>578.77</price>
		<sellerId>39</sellerId>
		<buyerId>31</buyerId>
	</Product>
	<Product>
		<name>Cefadroxil</name>
		<price>1302.2</price>
		<sellerId>37</sellerId>
		<buyerId>44</buyerId>
	</Product>
	<Product>
		<name>Warfarin Sodium</name>
		<price>138.83</price>
		<sellerId>50</sellerId>
		<buyerId>18</buyerId>
	</Product>
	<Product>
		<name>PAMO Kill Natural</name>
		<price>1181.06</price>
		<sellerId>52</sellerId>
	</Product>
	<Product>
		<name>Fluoxetine</name>
		<price>385.37</price>
		<sellerId>27</sellerId>
		<buyerId>44</buyerId>
	</Product>
	<Product>
		<name>Gemcitabine</name>
		<price>594.79</price>
		<sellerId>42</sellerId>
		<buyerId>38</buyerId>
	</Product>
	<Product>
		<name>Aspen</name>
		<price>1046.46</price>
		<sellerId>8</sellerId>
		<buyerId>46</buyerId>
	</Product>
	<Product>
		<name>AIR</name>
		<price>581.69</price>
		<sellerId>44</sellerId>
		<buyerId>24</buyerId>
	</Product>
	<Product>
		<name>AVANDAMET</name>
		<price>632.08</price>
		<sellerId>24</sellerId>
		<buyerId>51</buyerId>
	</Product>
	<Product>
		<name>Fair Foundation SPF 15</name>
		<price>1394.24</price>
		<sellerId>16</sellerId>
		<buyerId>29</buyerId>
	</Product>
	<Product>
		<name>Pleo Ginkgo</name>
		<price>613.65</price>
		<sellerId>11</sellerId>
		<buyerId>33</buyerId>
	</Product>
	<Product>
		<name>Irbesartan and Hydrochlorothiazide</name>
		<price>308.3</price>
		<sellerId>28</sellerId>
		<buyerId>19</buyerId>
	</Product>
	<Product>
		<name>IOPE SUPER VITAL</name>
		<price>824.68</price>
		<sellerId>2</sellerId>
		<buyerId>28</buyerId>
	</Product>
	<Product>
		<name>Ibuprofen</name>
		<price>1088.04</price>
		<sellerId>44</sellerId>
	</Product>
	<Product>
		<name>PREMIER VALUE ALLERGY</name>
		<price>1127.61</price>
		<sellerId>9</sellerId>
		<buyerId>35</buyerId>
	</Product>
	<Product>
		<name>Labetalol Hydrochloride</name>
		<price>1345.11</price>
		<sellerId>14</sellerId>
		<buyerId>5</buyerId>
	</Product>
	<Product>
		<name>Prednisone</name>
		<price>1285.99</price>
		<sellerId>34</sellerId>
		<buyerId>55</buyerId>
	</Product>
	<Product>
		<name>GProducting Pains</name>
		<price>1077.37</price>
		<sellerId>17</sellerId>
		<buyerId>7</buyerId>
	</Product>
	<Product>
		<name>Extra Strength Pain Reliever PM</name>
		<price>542.72</price>
		<sellerId>27</sellerId>
		<buyerId>2</buyerId>
	</Product>
	<Product>
		<name>Americaine</name>
		<price>1165.75</price>
		<sellerId>14</sellerId>
		<buyerId>25</buyerId>
	</Product>
	<Product>
		<name>Echinacea Quartz Gum Support</name>
		<price>570.08</price>
		<sellerId>53</sellerId>
		<buyerId>24</buyerId>
	</Product>
	<Product>
		<name>SUMATRIPTAN SUCCINATE</name>
		<price>1265.94</price>
		<sellerId>25</sellerId>
		<buyerId>2</buyerId>
	</Product>
	<Product>
		<name>Amitiza</name>
		<price>666.58</price>
		<sellerId>19</sellerId>
		<buyerId>25</buyerId>
	</Product>
	<Product>
		<name>Goats Milk</name>
		<price>298.53</price>
		<sellerId>1</sellerId>
	</Product>
	<Product>
		<name>Glycopyrrolate</name>
		<price>1471.43</price>
		<sellerId>17</sellerId>
		<buyerId>40</buyerId>
	</Product>
	<Product>
		<name>Ondansetron</name>
		<price>1249.76</price>
		<sellerId>8</sellerId>
		<buyerId>26</buyerId>
	</Product>
	<Product>
		<name>Baza Antifungal</name>
		<price>1162.34</price>
		<sellerId>17</sellerId>
		<buyerId>51</buyerId>
	</Product>
	<Product>
		<name>Imipramine Hydrochloride</name>
		<price>648.69</price>
		<sellerId>6</sellerId>
		<buyerId>46</buyerId>
	</Product>
	<Product>
		<name>Aspirin</name>
		<price>925.45</price>
		<sellerId>1</sellerId>
		<buyerId>16</buyerId>
	</Product>
	<Product>
		<name>Retin-A MICRO</name>
		<price>995.98</price>
		<sellerId>1</sellerId>
		<buyerId>9</buyerId>
	</Product>
	<Product>
		<name>VITALUMIERE AQUA</name>
		<price>1293.09</price>
		<sellerId>8</sellerId>
		<buyerId>6</buyerId>
	</Product>
	<Product>
		<name>Stila Hydrating Primer Oil-Free SPF 30</name>
		<price>179.28</price>
		<sellerId>20</sellerId>
		<buyerId>33</buyerId>
	</Product>
	<Product>
		<name>Enchanted Moments Mistletoe Kisses Hand Sanitizer</name>
		<price>384.99</price>
		<sellerId>54</sellerId>
		<buyerId>22</buyerId>
	</Product>
	<Product>
		<name>PCA SKIN ACNE</name>
		<price>1356.22</price>
		<sellerId>46</sellerId>
	</Product>
	<Product>
		<name>CALMING DIAPER RASH</name>
		<price>700.92</price>
		<sellerId>14</sellerId>
		<buyerId>23</buyerId>
	</Product>
	<Product>
		<name>Labetalol hydrochloride</name>
		<price>436.38</price>
		<sellerId>38</sellerId>
		<buyerId>7</buyerId>
	</Product>
	<Product>
		<name>Ketorolac Tromethamine</name>
		<price>608.18</price>
		<sellerId>22</sellerId>
		<buyerId>32</buyerId>
	</Product>
	<Product>
		<name>Foaming Hand Sanitizer</name>
		<price>624.72</price>
		<sellerId>17</sellerId>
		<buyerId>28</buyerId>
	</Product>
	<Product>
		<name>Aspergillus repens</name>
		<price>1231.42</price>
		<sellerId>49</sellerId>
		<buyerId>12</buyerId>
	</Product>
	<Product>
		<name>ISOPROPYL ALCOHOL</name>
		<price>339.48</price>
		<sellerId>41</sellerId>
		<buyerId>18</buyerId>
	</Product>
	<Product>
		<name>XtraCare Foam Antibacterial Hand Wash</name>
		<price>1251.97</price>
		<sellerId>12</sellerId>
		<buyerId>33</buyerId>
	</Product>
	<Product>
		<name>smart sense nicotine</name>
		<price>1444.12</price>
		<sellerId>30</sellerId>
		<buyerId>11</buyerId>
	</Product>
	<Product>
		<name>up and up temporary minor arthritis pain relief</name>
		<price>1085.78</price>
		<sellerId>13</sellerId>
		<buyerId>29</buyerId>
	</Product>
	<Product>
		<name>RESCRIPTOR</name>
		<price>850.52</price>
		<sellerId>29</sellerId>
	</Product>
	<Product>
		<name>Buprenorphine hydrochloride</name>
		<price>391.05</price>
		<sellerId>35</sellerId>
		<buyerId>13</buyerId>
	</Product>
	<Product>
		<name>PLANTAGO LANCEOLATA POLLEN</name>
		<price>561.68</price>
		<sellerId>47</sellerId>
		<buyerId>53</buyerId>
	</Product>
	<Product>
		<name>Gehwol med Lipidro</name>
		<price>421.24</price>
		<sellerId>42</sellerId>
		<buyerId>46</buyerId>
	</Product>
	<Product>
		<name>Triamterene and Hydrochlorothiazide</name>
		<price>1416.59</price>
		<sellerId>2</sellerId>
		<buyerId>32</buyerId>
	</Product>
	<Product>
		<name>Ranitidine</name>
		<price>926.64</price>
		<sellerId>45</sellerId>
		<buyerId>33</buyerId>
	</Product>
	<Product>
		<name>Air</name>
		<price>331.53</price>
		<sellerId>45</sellerId>
		<buyerId>38</buyerId>
	</Product>
	<Product>
		<name>Metoprolol Tartrate</name>
		<price>1405.74</price>
		<sellerId>21</sellerId>
		<buyerId>49</buyerId>
	</Product>
	<Product>
		<name>Pioglitazone</name>
		<price>306.56</price>
		<sellerId>23</sellerId>
		<buyerId>36</buyerId>
	</Product>
	<Product>
		<name>Butalbital, Aspirin and Caffeine</name>
		<price>1010.98</price>
		<sellerId>43</sellerId>
		<buyerId>41</buyerId>
	</Product>
	<Product>
		<name>Hydralazine Hydrochloride</name>
		<price>1309.72</price>
		<sellerId>45</sellerId>
	</Product>
	<Product>
		<name>Nevirapine</name>
		<price>1374.72</price>
		<sellerId>38</sellerId>
		<buyerId>31</buyerId>
	</Product>
	<Product>
		<name>ESIKA</name>
		<price>879.37</price>
		<sellerId>16</sellerId>
		<buyerId>24</buyerId>
	</Product>
	<Product>
		<name>Homeopathic Rheumatism</name>
		<price>967.08</price>
		<sellerId>38</sellerId>
		<buyerId>16</buyerId>
	</Product>
	<Product>
		<name>Amitriptyline Hydrochloride</name>
		<price>1453.96</price>
		<sellerId>17</sellerId>
		<buyerId>51</buyerId>
	</Product>
	<Product>
		<name>Ibuprofen</name>
		<price>1305.96</price>
		<sellerId>5</sellerId>
		<buyerId>10</buyerId>
	</Product>
	<Product>
		<name>Laser Block 100</name>
		<price>1135.43</price>
		<sellerId>35</sellerId>
		<buyerId>7</buyerId>
	</Product>
	<Product>
		<name>ANXIETY/STRESS RELIEF</name>
		<price>324.66</price>
		<sellerId>56</sellerId>
		<buyerId>43</buyerId>
	</Product>
	<Product>
		<name>TYLENOL COLD MULTI-SYMPTOM DAYTIME</name>
		<price>1010.81</price>
		<sellerId>17</sellerId>
		<buyerId>26</buyerId>
	</Product>
	<Product>
		<name>Naproxen</name>
		<price>807.22</price>
		<sellerId>7</sellerId>
		<buyerId>17</buyerId>
	</Product>
	<Product>
		<name>Dover Aminophen</name>
		<price>192.07</price>
		<sellerId>15</sellerId>
	</Product>
	<Product>
		<name>DIPYRIDAMOLE</name>
		<price>1150.67</price>
		<sellerId>24</sellerId>
		<buyerId>1</buyerId>
	</Product>
	<Product>
		<name>Etodolac</name>
		<price>1443.13</price>
		<sellerId>8</sellerId>
		<buyerId>44</buyerId>
	</Product>
	<Product>
		<name>ziprasidone hydrochloride</name>
		<price>628.66</price>
		<sellerId>38</sellerId>
		<buyerId>5</buyerId>
	</Product>
	<Product>
		<name>Treatment Set TS336667</name>
		<price>1466.47</price>
		<sellerId>52</sellerId>
		<buyerId>35</buyerId>
	</Product>
	<Product>
		<name>Prostate</name>
		<price>716.05</price>
		<sellerId>9</sellerId>
		<buyerId>13</buyerId>
	</Product>
	<Product>
		<name>Acid Reducer</name>
		<price>1443.51</price>
		<sellerId>25</sellerId>
		<buyerId>43</buyerId>
	</Product>
	<Product>
		<name>leader pain reliever</name>
		<price>1179.79</price>
		<sellerId>46</sellerId>
		<buyerId>2</buyerId>
	</Product>
	<Product>
		<name>allergy eye</name>
		<price>426.91</price>
		<sellerId>16</sellerId>
		<buyerId>1</buyerId>
	</Product>
	<Product>
		<name>Yellow Jacket hymenoptera venom Venomil Diagnostic</name>
		<price>23.58</price>
		<sellerId>22</sellerId>
		<buyerId>3</buyerId>
	</Product>
	<Product>
		<name>Acetaminophen, Chlorpheniramine Maleate, Dextromethorphan Hydrobromide, Phenylephrine Hydrochloride</name>
		<price>1028.27</price>
		<sellerId>50</sellerId>
	</Product>
</Products>